{"ContentRoots":["D:\\ملفات\\source\\repos\\Graduation Project\\Services\\wwwroot\\","D:\\ملفات\\source\\repos\\Graduation Project\\Services\\obj\\Release\\net6.0\\scopedcss\\bundle\\"],"Root":{"Children":{"admin":{"Children":{"dist":{"Children":{"css":{"Children":{"adminlte.css":{"Children":null,"Asset":{"ContentRootIndex":0,"SubPath":"admin/dist/css/adminlte.css"},"Patterns":null},"adminlte.css.map":{"Children":null,"Asset":{"ContentRootIndex":0,"SubPath":"admin/dist/css/adminlte.css.map"},"Patterns":null},"adminlte.min.css":{"Children":null,"Asset":{"ContentRootIndex":0,"SubPath":"admin/dist/css/adminlte.min.css"},"Patterns":null},"adminlte.min.css.map":{"Children":null,"Asset":{"ContentRootIndex":0,"SubPath":"admin/dist/css/adminlte.min.css.map"},"Patterns":null},"alt":{"Children":{"adminlte.components.css":{"Children":null,"Asset":{"ContentRootIndex":0,"SubPath":"admin/dist/css/alt/adminlte.components.css"},"Patterns":null},"adminlte.components.css.map":{"Children":null,"Asset":{"ContentRootIndex":0,"SubPath":"admin/dist/css/alt/adminlte.components.css.map"},"Patterns":null},"adminlte.components.min.css":{"Children":null,"Asset":{"ContentRootIndex":0,"SubPath":"admin/dist/css/alt/adminlte.components.min.css"},"Patterns":null},"adminlte.components.min.css.map":{"Children":null,"Asset":{"ContentRootIndex":0,"SubPath":"admin/dist/css/alt/adminlte.components.min.css.map"},"Patterns":null},"adminlte.core.css":{"Children":null,"Asset":{"ContentRootIndex":0,"SubPath":"admin/dist/css/alt/adminlte.core.css"},"Patterns":null},"adminlte.core.css.map":{"Children":null,"Asset":{"ContentRootIndex":0,"SubPath":"admin/dist/css/alt/adminlte.core.css.map"},"Patterns":null},"adminlte.core.min.css":{"Children":null,"Asset":{"ContentRootIndex":0,"SubPath":"admin/dist/css/alt/adminlte.core.min.css"},"Patterns":null},"adminlte.core.min.css.map":{"Children":null,"Asset":{"ContentRootIndex":0,"SubPath":"admin/dist/css/alt/adminlte.core.min.css.map"},"Patterns":null},"adminlte.extra-components.css":{"Children":null,"Asset":{"ContentRootIndex":0,"SubPath":"admin/dist/css/alt/adminlte.extra-components.css"},"Patterns":null},"adminlte.extra-components.css.map":{"Children":null,"Asset":{"ContentRootIndex":0,"SubPath":"admin/dist/css/alt/adminlte.extra-components.css.map"},"Patterns":null},"adminlte.extra-components.min.css":{"Children":null,"Asset":{"ContentRootIndex":0,"SubPath":"admin/dist/css/alt/adminlte.extra-components.min.css"},"Patterns":null},"adminlte.extra-components.min.css.map":{"Children":null,"Asset":{"ContentRootIndex":0,"SubPath":"admin/dist/css/alt/adminlte.extra-components.min.css.map"},"Patterns":null},"adminlte.light.css":{"Children":null,"Asset":{"ContentRootIndex":0,"SubPath":"admin/dist/css/alt/adminlte.light.css"},"Patterns":null},"adminlte.light.css.map":{"Children":null,"Asset":{"ContentRootIndex":0,"SubPath":"admin/dist/css/alt/adminlte.light.css.map"},"Patterns":null},"adminlte.light.min.css":{"Children":null,"Asset":{"ContentRootIndex":0,"SubPath":"admin/dist/css/alt/adminlte.light.min.css"},"Patterns":null},"adminlte.light.min.css.map":{"Children":null,"Asset":{"ContentRootIndex":0,"SubPath":"admin/dist/css/alt/adminlte.light.min.css.map"},"Patterns":null},"adminlte.pages.css":{"Children":null,"Asset":{"ContentRootIndex":0,"SubPath":"admin/dist/css/alt/adminlte.pages.css"},"Patterns":null},"adminlte.pages.css.map":{"Children":null,"Asset":{"ContentRootIndex":0,"SubPath":"admin/dist/css/alt/adminlte.pages.css.map"},"Patterns":null},"adminlte.pages.min.css":{"Children":null,"Asset":{"ContentRootIndex":0,"SubPath":"admin/dist/css/alt/adminlte.pages.min.css"},"Patterns":null},"adminlte.pages.min.css.map":{"Children":null,"Asset":{"ContentRootIndex":0,"SubPath":"admin/dist/css/alt/adminlte.pages.min.css.map"},"Patterns":null},"adminlte.plugins.css":{"Children":null,"Asset":{"ContentRootIndex":0,"SubPath":"admin/dist/css/alt/adminlte.plugins.css"},"Patterns":null},"adminlte.plugins.css.map":{"Children":null,"Asset":{"ContentRootIndex":0,"SubPath":"admin/dist/css/alt/adminlte.plugins.css.map"},"Patterns":null},"adminlte.plugins.min.css":{"Children":null,"Asset":{"ContentRootIndex":0,"SubPath":"admin/dist/css/alt/adminlte.plugins.min.css"},"Patterns":null},"adminlte.plugins.min.css.map":{"Children":null,"Asset":{"ContentRootIndex":0,"SubPath":"admin/dist/css/alt/adminlte.plugins.min.css.map"},"Patterns":null}},"Asset":null,"Patterns":null}},"Asset":null,"Patterns":null},"img":{"Children":{"AdminLTELogo.png":{"Children":null,"Asset":{"ContentRootIndex":0,"SubPath":"admin/dist/img/AdminLTELogo.png"},"Patterns":null},"avatar.png":{"Children":null,"Asset":{"ContentRootIndex":0,"SubPath":"admin/dist/img/avatar.png"},"Patterns":null},"avatar2.png":{"Children":null,"Asset":{"ContentRootIndex":0,"SubPath":"admin/dist/img/avatar2.png"},"Patterns":null},"avatar3.png":{"Children":null,"Asset":{"ContentRootIndex":0,"SubPath":"admin/dist/img/avatar3.png"},"Patterns":null},"avatar4.png":{"Children":null,"Asset":{"ContentRootIndex":0,"SubPath":"admin/dist/img/avatar4.png"},"Patterns":null},"avatar5.png":{"Children":null,"Asset":{"ContentRootIndex":0,"SubPath":"admin/dist/img/avatar5.png"},"Patterns":null},"boxed-bg.jpg":{"Children":null,"Asset":{"ContentRootIndex":0,"SubPath":"admin/dist/img/boxed-bg.jpg"},"Patterns":null},"boxed-bg.png":{"Children":null,"Asset":{"ContentRootIndex":0,"SubPath":"admin/dist/img/boxed-bg.png"},"Patterns":null},"credit":{"Children":{"american-express.png":{"Children":null,"Asset":{"ContentRootIndex":0,"SubPath":"admin/dist/img/credit/american-express.png"},"Patterns":null},"cirrus.png":{"Children":null,"Asset":{"ContentRootIndex":0,"SubPath":"admin/dist/img/credit/cirrus.png"},"Patterns":null},"mastercard.png":{"Children":null,"Asset":{"ContentRootIndex":0,"SubPath":"admin/dist/img/credit/mastercard.png"},"Patterns":null},"paypal.png":{"Children":null,"Asset":{"ContentRootIndex":0,"SubPath":"admin/dist/img/credit/paypal.png"},"Patterns":null},"paypal2.png":{"Children":null,"Asset":{"ContentRootIndex":0,"SubPath":"admin/dist/img/credit/paypal2.png"},"Patterns":null},"visa.png":{"Children":null,"Asset":{"ContentRootIndex":0,"SubPath":"admin/dist/img/credit/visa.png"},"Patterns":null}},"Asset":null,"Patterns":null},"default-150x150.png":{"Children":null,"Asset":{"ContentRootIndex":0,"SubPath":"admin/dist/img/default-150x150.png"},"Patterns":null},"icons.png":{"Children":null,"Asset":{"ContentRootIndex":0,"SubPath":"admin/dist/img/icons.png"},"Patterns":null},"photo1.png":{"Children":null,"Asset":{"ContentRootIndex":0,"SubPath":"admin/dist/img/photo1.png"},"Patterns":null},"photo2.png":{"Children":null,"Asset":{"ContentRootIndex":0,"SubPath":"admin/dist/img/photo2.png"},"Patterns":null},"photo3.jpg":{"Children":null,"Asset":{"ContentRootIndex":0,"SubPath":"admin/dist/img/photo3.jpg"},"Patterns":null},"photo4.jpg":{"Children":null,"Asset":{"ContentRootIndex":0,"SubPath":"admin/dist/img/photo4.jpg"},"Patterns":null},"prod-1.jpg":{"Children":null,"Asset":{"ContentRootIndex":0,"SubPath":"admin/dist/img/prod-1.jpg"},"Patterns":null},"prod-2.jpg":{"Children":null,"Asset":{"ContentRootIndex":0,"SubPath":"admin/dist/img/prod-2.jpg"},"Patterns":null},"prod-3.jpg":{"Children":null,"Asset":{"ContentRootIndex":0,"SubPath":"admin/dist/img/prod-3.jpg"},"Patterns":null},"prod-4.jpg":{"Children":null,"Asset":{"ContentRootIndex":0,"SubPath":"admin/dist/img/prod-4.jpg"},"Patterns":null},"prod-5.jpg":{"Children":null,"Asset":{"ContentRootIndex":0,"SubPath":"admin/dist/img/prod-5.jpg"},"Patterns":null},"user1-128x128.jpg":{"Children":null,"Asset":{"ContentRootIndex":0,"SubPath":"admin/dist/img/user1-128x128.jpg"},"Patterns":null},"user2-160x160.jpg":{"Children":null,"Asset":{"ContentRootIndex":0,"SubPath":"admin/dist/img/user2-160x160.jpg"},"Patterns":null},"user3-128x128.jpg":{"Children":null,"Asset":{"ContentRootIndex":0,"SubPath":"admin/dist/img/user3-128x128.jpg"},"Patterns":null},"user4-128x128.jpg":{"Children":null,"Asset":{"ContentRootIndex":0,"SubPath":"admin/dist/img/user4-128x128.jpg"},"Patterns":null},"user5-128x128.jpg":{"Children":null,"Asset":{"ContentRootIndex":0,"SubPath":"admin/dist/img/user5-128x128.jpg"},"Patterns":null},"user6-128x128.jpg":{"Children":null,"Asset":{"ContentRootIndex":0,"SubPath":"admin/dist/img/user6-128x128.jpg"},"Patterns":null},"user7-128x128.jpg":{"Children":null,"Asset":{"ContentRootIndex":0,"SubPath":"admin/dist/img/user7-128x128.jpg"},"Patterns":null},"user8-128x128.jpg":{"Children":null,"Asset":{"ContentRootIndex":0,"SubPath":"admin/dist/img/user8-128x128.jpg"},"Patterns":null}},"Asset":null,"Patterns":null},"js":{"Children":{".eslintrc.json":{"Children":null,"Asset":{"ContentRootIndex":0,"SubPath":"admin/dist/js/.eslintrc.json"},"Patterns":null},"adminlte.js":{"Children":null,"Asset":{"ContentRootIndex":0,"SubPath":"admin/dist/js/adminlte.js"},"Patterns":null},"adminlte.js.map":{"Children":null,"Asset":{"ContentRootIndex":0,"SubPath":"admin/dist/js/adminlte.js.map"},"Patterns":null},"adminlte.min.js":{"Children":null,"Asset":{"ContentRootIndex":0,"SubPath":"admin/dist/js/adminlte.min.js"},"Patterns":null},"adminlte.min.js.map":{"Children":null,"Asset":{"ContentRootIndex":0,"SubPath":"admin/dist/js/adminlte.min.js.map"},"Patterns":null},"demo.js":{"Children":null,"Asset":{"ContentRootIndex":0,"SubPath":"admin/dist/js/demo.js"},"Patterns":null},"pages":{"Children":{"dashboard.js":{"Children":null,"Asset":{"ContentRootIndex":0,"SubPath":"admin/dist/js/pages/dashboard.js"},"Patterns":null},"dashboard2.js":{"Children":null,"Asset":{"ContentRootIndex":0,"SubPath":"admin/dist/js/pages/dashboard2.js"},"Patterns":null},"dashboard3.js":{"Children":null,"Asset":{"ContentRootIndex":0,"SubPath":"admin/dist/js/pages/dashboard3.js"},"Patterns":null}},"Asset":null,"Patterns":null}},"Asset":null,"Patterns":null}},"Asset":null,"Patterns":null},"plugins":{"Children":{"bootstrap":{"Children":{"js":{"Children":{"bootstrap.bundle.js":{"Children":null,"Asset":{"ContentRootIndex":0,"SubPath":"admin/plugins/bootstrap/js/bootstrap.bundle.js"},"Patterns":null},"bootstrap.bundle.js.map":{"Children":null,"Asset":{"ContentRootIndex":0,"SubPath":"admin/plugins/bootstrap/js/bootstrap.bundle.js.map"},"Patterns":null},"bootstrap.bundle.min.js":{"Children":null,"Asset":{"ContentRootIndex":0,"SubPath":"admin/plugins/bootstrap/js/bootstrap.bundle.min.js"},"Patterns":null},"bootstrap.bundle.min.js.map":{"Children":null,"Asset":{"ContentRootIndex":0,"SubPath":"admin/plugins/bootstrap/js/bootstrap.bundle.min.js.map"},"Patterns":null},"bootstrap.js":{"Children":null,"Asset":{"ContentRootIndex":0,"SubPath":"admin/plugins/bootstrap/js/bootstrap.js"},"Patterns":null},"bootstrap.js.map":{"Children":null,"Asset":{"ContentRootIndex":0,"SubPath":"admin/plugins/bootstrap/js/bootstrap.js.map"},"Patterns":null},"bootstrap.min.js":{"Children":null,"Asset":{"ContentRootIndex":0,"SubPath":"admin/plugins/bootstrap/js/bootstrap.min.js"},"Patterns":null},"bootstrap.min.js.map":{"Children":null,"Asset":{"ContentRootIndex":0,"SubPath":"admin/plugins/bootstrap/js/bootstrap.min.js.map"},"Patterns":null}},"Asset":null,"Patterns":null}},"Asset":null,"Patterns":null},"fontawesome-free":{"Children":{"css":{"Children":{"all.css":{"Children":null,"Asset":{"ContentRootIndex":0,"SubPath":"admin/plugins/fontawesome-free/css/all.css"},"Patterns":null},"all.min.css":{"Children":null,"Asset":{"ContentRootIndex":0,"SubPath":"admin/plugins/fontawesome-free/css/all.min.css"},"Patterns":null},"brands.css":{"Children":null,"Asset":{"ContentRootIndex":0,"SubPath":"admin/plugins/fontawesome-free/css/brands.css"},"Patterns":null},"brands.min.css":{"Children":null,"Asset":{"ContentRootIndex":0,"SubPath":"admin/plugins/fontawesome-free/css/brands.min.css"},"Patterns":null},"fontawesome.css":{"Children":null,"Asset":{"ContentRootIndex":0,"SubPath":"admin/plugins/fontawesome-free/css/fontawesome.css"},"Patterns":null},"fontawesome.min.css":{"Children":null,"Asset":{"ContentRootIndex":0,"SubPath":"admin/plugins/fontawesome-free/css/fontawesome.min.css"},"Patterns":null},"regular.css":{"Children":null,"Asset":{"ContentRootIndex":0,"SubPath":"admin/plugins/fontawesome-free/css/regular.css"},"Patterns":null},"regular.min.css":{"Children":null,"Asset":{"ContentRootIndex":0,"SubPath":"admin/plugins/fontawesome-free/css/regular.min.css"},"Patterns":null},"solid.css":{"Children":null,"Asset":{"ContentRootIndex":0,"SubPath":"admin/plugins/fontawesome-free/css/solid.css"},"Patterns":null},"solid.min.css":{"Children":null,"Asset":{"ContentRootIndex":0,"SubPath":"admin/plugins/fontawesome-free/css/solid.min.css"},"Patterns":null},"svg-with-js.css":{"Children":null,"Asset":{"ContentRootIndex":0,"SubPath":"admin/plugins/fontawesome-free/css/svg-with-js.css"},"Patterns":null},"svg-with-js.min.css":{"Children":null,"Asset":{"ContentRootIndex":0,"SubPath":"admin/plugins/fontawesome-free/css/svg-with-js.min.css"},"Patterns":null},"v4-shims.css":{"Children":null,"Asset":{"ContentRootIndex":0,"SubPath":"admin/plugins/fontawesome-free/css/v4-shims.css"},"Patterns":null},"v4-shims.min.css":{"Children":null,"Asset":{"ContentRootIndex":0,"SubPath":"admin/plugins/fontawesome-free/css/v4-shims.min.css"},"Patterns":null}},"Asset":null,"Patterns":null},"webfonts":{"Children":{"fa-brands-400.eot":{"Children":null,"Asset":{"ContentRootIndex":0,"SubPath":"admin/plugins/fontawesome-free/webfonts/fa-brands-400.eot"},"Patterns":null},"fa-brands-400.svg":{"Children":null,"Asset":{"ContentRootIndex":0,"SubPath":"admin/plugins/fontawesome-free/webfonts/fa-brands-400.svg"},"Patterns":null},"fa-brands-400.ttf":{"Children":null,"Asset":{"ContentRootIndex":0,"SubPath":"admin/plugins/fontawesome-free/webfonts/fa-brands-400.ttf"},"Patterns":null},"fa-brands-400.woff":{"Children":null,"Asset":{"ContentRootIndex":0,"SubPath":"admin/plugins/fontawesome-free/webfonts/fa-brands-400.woff"},"Patterns":null},"fa-brands-400.woff2":{"Children":null,"Asset":{"ContentRootIndex":0,"SubPath":"admin/plugins/fontawesome-free/webfonts/fa-brands-400.woff2"},"Patterns":null},"fa-regular-400.eot":{"Children":null,"Asset":{"ContentRootIndex":0,"SubPath":"admin/plugins/fontawesome-free/webfonts/fa-regular-400.eot"},"Patterns":null},"fa-regular-400.svg":{"Children":null,"Asset":{"ContentRootIndex":0,"SubPath":"admin/plugins/fontawesome-free/webfonts/fa-regular-400.svg"},"Patterns":null},"fa-regular-400.ttf":{"Children":null,"Asset":{"ContentRootIndex":0,"SubPath":"admin/plugins/fontawesome-free/webfonts/fa-regular-400.ttf"},"Patterns":null},"fa-regular-400.woff":{"Children":null,"Asset":{"ContentRootIndex":0,"SubPath":"admin/plugins/fontawesome-free/webfonts/fa-regular-400.woff"},"Patterns":null},"fa-regular-400.woff2":{"Children":null,"Asset":{"ContentRootIndex":0,"SubPath":"admin/plugins/fontawesome-free/webfonts/fa-regular-400.woff2"},"Patterns":null},"fa-solid-900.eot":{"Children":null,"Asset":{"ContentRootIndex":0,"SubPath":"admin/plugins/fontawesome-free/webfonts/fa-solid-900.eot"},"Patterns":null},"fa-solid-900.svg":{"Children":null,"Asset":{"ContentRootIndex":0,"SubPath":"admin/plugins/fontawesome-free/webfonts/fa-solid-900.svg"},"Patterns":null},"fa-solid-900.ttf":{"Children":null,"Asset":{"ContentRootIndex":0,"SubPath":"admin/plugins/fontawesome-free/webfonts/fa-solid-900.ttf"},"Patterns":null},"fa-solid-900.woff":{"Children":null,"Asset":{"ContentRootIndex":0,"SubPath":"admin/plugins/fontawesome-free/webfonts/fa-solid-900.woff"},"Patterns":null},"fa-solid-900.woff2":{"Children":null,"Asset":{"ContentRootIndex":0,"SubPath":"admin/plugins/fontawesome-free/webfonts/fa-solid-900.woff2"},"Patterns":null}},"Asset":null,"Patterns":null}},"Asset":null,"Patterns":null},"jquery":{"Children":{"jquery.js":{"Children":null,"Asset":{"ContentRootIndex":0,"SubPath":"admin/plugins/jquery/jquery.js"},"Patterns":null},"jquery.min.js":{"Children":null,"Asset":{"ContentRootIndex":0,"SubPath":"admin/plugins/jquery/jquery.min.js"},"Patterns":null},"jquery.min.map":{"Children":null,"Asset":{"ContentRootIndex":0,"SubPath":"admin/plugins/jquery/jquery.min.map"},"Patterns":null},"jquery.slim.js":{"Children":null,"Asset":{"ContentRootIndex":0,"SubPath":"admin/plugins/jquery/jquery.slim.js"},"Patterns":null},"jquery.slim.min.js":{"Children":null,"Asset":{"ContentRootIndex":0,"SubPath":"admin/plugins/jquery/jquery.slim.min.js"},"Patterns":null},"jquery.slim.min.map":{"Children":null,"Asset":{"ContentRootIndex":0,"SubPath":"admin/plugins/jquery/jquery.slim.min.map"},"Patterns":null}},"Asset":null,"Patterns":null}},"Asset":null,"Patterns":null}},"Asset":null,"Patterns":null},"css":{"Children":{"site.css":{"Children":null,"Asset":{"ContentRootIndex":0,"SubPath":"css/site.css"},"Patterns":null}},"Asset":null,"Patterns":null},"favicon.ico":{"Children":null,"Asset":{"ContentRootIndex":0,"SubPath":"favicon.ico"},"Patterns":null},"js":{"Children":{"site.js":{"Children":null,"Asset":{"ContentRootIndex":0,"SubPath":"js/site.js"},"Patterns":null}},"Asset":null,"Patterns":null},"lib":{"Children":{"bootstrap":{"Children":{"dist":{"Children":{"css":{"Children":{"bootstrap-grid.css":{"Children":null,"Asset":{"ContentRootIndex":0,"SubPath":"lib/bootstrap/dist/css/bootstrap-grid.css"},"Patterns":null},"bootstrap-grid.css.map":{"Children":null,"Asset":{"ContentRootIndex":0,"SubPath":"lib/bootstrap/dist/css/bootstrap-grid.css.map"},"Patterns":null},"bootstrap-grid.min.css":{"Children":null,"Asset":{"ContentRootIndex":0,"SubPath":"lib/bootstrap/dist/css/bootstrap-grid.min.css"},"Patterns":null},"bootstrap-grid.min.css.map":{"Children":null,"Asset":{"ContentRootIndex":0,"SubPath":"lib/bootstrap/dist/css/bootstrap-grid.min.css.map"},"Patterns":null},"bootstrap-grid.rtl.css":{"Children":null,"Asset":{"ContentRootIndex":0,"SubPath":"lib/bootstrap/dist/css/bootstrap-grid.rtl.css"},"Patterns":null},"bootstrap-grid.rtl.css.map":{"Children":null,"Asset":{"ContentRootIndex":0,"SubPath":"lib/bootstrap/dist/css/bootstrap-grid.rtl.css.map"},"Patterns":null},"bootstrap-grid.rtl.min.css":{"Children":null,"Asset":{"ContentRootIndex":0,"SubPath":"lib/bootstrap/dist/css/bootstrap-grid.rtl.min.css"},"Patterns":null},"bootstrap-grid.rtl.min.css.map":{"Children":null,"Asset":{"ContentRootIndex":0,"SubPath":"lib/bootstrap/dist/css/bootstrap-grid.rtl.min.css.map"},"Patterns":null},"bootstrap-reboot.css":{"Children":null,"Asset":{"ContentRootIndex":0,"SubPath":"lib/bootstrap/dist/css/bootstrap-reboot.css"},"Patterns":null},"bootstrap-reboot.css.map":{"Children":null,"Asset":{"ContentRootIndex":0,"SubPath":"lib/bootstrap/dist/css/bootstrap-reboot.css.map"},"Patterns":null},"bootstrap-reboot.min.css":{"Children":null,"Asset":{"ContentRootIndex":0,"SubPath":"lib/bootstrap/dist/css/bootstrap-reboot.min.css"},"Patterns":null},"bootstrap-reboot.min.css.map":{"Children":null,"Asset":{"ContentRootIndex":0,"SubPath":"lib/bootstrap/dist/css/bootstrap-reboot.min.css.map"},"Patterns":null},"bootstrap-reboot.rtl.css":{"Children":null,"Asset":{"ContentRootIndex":0,"SubPath":"lib/bootstrap/dist/css/bootstrap-reboot.rtl.css"},"Patterns":null},"bootstrap-reboot.rtl.css.map":{"Children":null,"Asset":{"ContentRootIndex":0,"SubPath":"lib/bootstrap/dist/css/bootstrap-reboot.rtl.css.map"},"Patterns":null},"bootstrap-reboot.rtl.min.css":{"Children":null,"Asset":{"ContentRootIndex":0,"SubPath":"lib/bootstrap/dist/css/bootstrap-reboot.rtl.min.css"},"Patterns":null},"bootstrap-reboot.rtl.min.css.map":{"Children":null,"Asset":{"ContentRootIndex":0,"SubPath":"lib/bootstrap/dist/css/bootstrap-reboot.rtl.min.css.map"},"Patterns":null},"bootstrap-utilities.css":{"Children":null,"Asset":{"ContentRootIndex":0,"SubPath":"lib/bootstrap/dist/css/bootstrap-utilities.css"},"Patterns":null},"bootstrap-utilities.css.map":{"Children":null,"Asset":{"ContentRootIndex":0,"SubPath":"lib/bootstrap/dist/css/bootstrap-utilities.css.map"},"Patterns":null},"bootstrap-utilities.min.css":{"Children":null,"Asset":{"ContentRootIndex":0,"SubPath":"lib/bootstrap/dist/css/bootstrap-utilities.min.css"},"Patterns":null},"bootstrap-utilities.min.css.map":{"Children":null,"Asset":{"ContentRootIndex":0,"SubPath":"lib/bootstrap/dist/css/bootstrap-utilities.min.css.map"},"Patterns":null},"bootstrap-utilities.rtl.css":{"Children":null,"Asset":{"ContentRootIndex":0,"SubPath":"lib/bootstrap/dist/css/bootstrap-utilities.rtl.css"},"Patterns":null},"bootstrap-utilities.rtl.css.map":{"Children":null,"Asset":{"ContentRootIndex":0,"SubPath":"lib/bootstrap/dist/css/bootstrap-utilities.rtl.css.map"},"Patterns":null},"bootstrap-utilities.rtl.min.css":{"Children":null,"Asset":{"ContentRootIndex":0,"SubPath":"lib/bootstrap/dist/css/bootstrap-utilities.rtl.min.css"},"Patterns":null},"bootstrap-utilities.rtl.min.css.map":{"Children":null,"Asset":{"ContentRootIndex":0,"SubPath":"lib/bootstrap/dist/css/bootstrap-utilities.rtl.min.css.map"},"Patterns":null},"bootstrap.css":{"Children":null,"Asset":{"ContentRootIndex":0,"SubPath":"lib/bootstrap/dist/css/bootstrap.css"},"Patterns":null},"bootstrap.css.map":{"Children":null,"Asset":{"ContentRootIndex":0,"SubPath":"lib/bootstrap/dist/css/bootstrap.css.map"},"Patterns":null},"bootstrap.min.css":{"Children":null,"Asset":{"ContentRootIndex":0,"SubPath":"lib/bootstrap/dist/css/bootstrap.min.css"},"Patterns":null},"bootstrap.min.css.map":{"Children":null,"Asset":{"ContentRootIndex":0,"SubPath":"lib/bootstrap/dist/css/bootstrap.min.css.map"},"Patterns":null},"bootstrap.rtl.css":{"Children":null,"Asset":{"ContentRootIndex":0,"SubPath":"lib/bootstrap/dist/css/bootstrap.rtl.css"},"Patterns":null},"bootstrap.rtl.css.map":{"Children":null,"Asset":{"ContentRootIndex":0,"SubPath":"lib/bootstrap/dist/css/bootstrap.rtl.css.map"},"Patterns":null},"bootstrap.rtl.min.css":{"Children":null,"Asset":{"ContentRootIndex":0,"SubPath":"lib/bootstrap/dist/css/bootstrap.rtl.min.css"},"Patterns":null},"bootstrap.rtl.min.css.map":{"Children":null,"Asset":{"ContentRootIndex":0,"SubPath":"lib/bootstrap/dist/css/bootstrap.rtl.min.css.map"},"Patterns":null}},"Asset":null,"Patterns":null},"js":{"Children":{"bootstrap.bundle.js":{"Children":null,"Asset":{"ContentRootIndex":0,"SubPath":"lib/bootstrap/dist/js/bootstrap.bundle.js"},"Patterns":null},"bootstrap.bundle.js.map":{"Children":null,"Asset":{"ContentRootIndex":0,"SubPath":"lib/bootstrap/dist/js/bootstrap.bundle.js.map"},"Patterns":null},"bootstrap.bundle.min.js":{"Children":null,"Asset":{"ContentRootIndex":0,"SubPath":"lib/bootstrap/dist/js/bootstrap.bundle.min.js"},"Patterns":null},"bootstrap.bundle.min.js.map":{"Children":null,"Asset":{"ContentRootIndex":0,"SubPath":"lib/bootstrap/dist/js/bootstrap.bundle.min.js.map"},"Patterns":null},"bootstrap.esm.js":{"Children":null,"Asset":{"ContentRootIndex":0,"SubPath":"lib/bootstrap/dist/js/bootstrap.esm.js"},"Patterns":null},"bootstrap.esm.js.map":{"Children":null,"Asset":{"ContentRootIndex":0,"SubPath":"lib/bootstrap/dist/js/bootstrap.esm.js.map"},"Patterns":null},"bootstrap.esm.min.js":{"Children":null,"Asset":{"ContentRootIndex":0,"SubPath":"lib/bootstrap/dist/js/bootstrap.esm.min.js"},"Patterns":null},"bootstrap.esm.min.js.map":{"Children":null,"Asset":{"ContentRootIndex":0,"SubPath":"lib/bootstrap/dist/js/bootstrap.esm.min.js.map"},"Patterns":null},"bootstrap.js":{"Children":null,"Asset":{"ContentRootIndex":0,"SubPath":"lib/bootstrap/dist/js/bootstrap.js"},"Patterns":null},"bootstrap.js.map":{"Children":null,"Asset":{"ContentRootIndex":0,"SubPath":"lib/bootstrap/dist/js/bootstrap.js.map"},"Patterns":null},"bootstrap.min.js":{"Children":null,"Asset":{"ContentRootIndex":0,"SubPath":"lib/bootstrap/dist/js/bootstrap.min.js"},"Patterns":null},"bootstrap.min.js.map":{"Children":null,"Asset":{"ContentRootIndex":0,"SubPath":"lib/bootstrap/dist/js/bootstrap.min.js.map"},"Patterns":null}},"Asset":null,"Patterns":null}},"Asset":null,"Patterns":null},"LICENSE":{"Children":null,"Asset":{"ContentRootIndex":0,"SubPath":"lib/bootstrap/LICENSE"},"Patterns":null}},"Asset":null,"Patterns":null},"jquery-validation-unobtrusive":{"Children":{"jquery.validate.unobtrusive.js":{"Children":null,"Asset":{"ContentRootIndex":0,"SubPath":"lib/jquery-validation-unobtrusive/jquery.validate.unobtrusive.js"},"Patterns":null},"jquery.validate.unobtrusive.min.js":{"Children":null,"Asset":{"ContentRootIndex":0,"SubPath":"lib/jquery-validation-unobtrusive/jquery.validate.unobtrusive.min.js"},"Patterns":null},"LICENSE.txt":{"Children":null,"Asset":{"ContentRootIndex":0,"SubPath":"lib/jquery-validation-unobtrusive/LICENSE.txt"},"Patterns":null}},"Asset":null,"Patterns":null},"jquery-validation":{"Children":{"dist":{"Children":{"additional-methods.js":{"Children":null,"Asset":{"ContentRootIndex":0,"SubPath":"lib/jquery-validation/dist/additional-methods.js"},"Patterns":null},"additional-methods.min.js":{"Children":null,"Asset":{"ContentRootIndex":0,"SubPath":"lib/jquery-validation/dist/additional-methods.min.js"},"Patterns":null},"jquery.validate.js":{"Children":null,"Asset":{"ContentRootIndex":0,"SubPath":"lib/jquery-validation/dist/jquery.validate.js"},"Patterns":null},"jquery.validate.min.js":{"Children":null,"Asset":{"ContentRootIndex":0,"SubPath":"lib/jquery-validation/dist/jquery.validate.min.js"},"Patterns":null}},"Asset":null,"Patterns":null},"LICENSE.md":{"Children":null,"Asset":{"ContentRootIndex":0,"SubPath":"lib/jquery-validation/LICENSE.md"},"Patterns":null}},"Asset":null,"Patterns":null},"jquery":{"Children":{"dist":{"Children":{"jquery.js":{"Children":null,"Asset":{"ContentRootIndex":0,"SubPath":"lib/jquery/dist/jquery.js"},"Patterns":null},"jquery.min.js":{"Children":null,"Asset":{"ContentRootIndex":0,"SubPath":"lib/jquery/dist/jquery.min.js"},"Patterns":null},"jquery.min.map":{"Children":null,"Asset":{"ContentRootIndex":0,"SubPath":"lib/jquery/dist/jquery.min.map"},"Patterns":null}},"Asset":null,"Patterns":null},"LICENSE.txt":{"Children":null,"Asset":{"ContentRootIndex":0,"SubPath":"lib/jquery/LICENSE.txt"},"Patterns":null}},"Asset":null,"Patterns":null}},"Asset":null,"Patterns":null},"Services.styles.css":{"Children":null,"Asset":{"ContentRootIndex":1,"SubPath":"Services.styles.css"},"Patterns":null}},"Asset":null,"Patterns":[{"ContentRootIndex":0,"Pattern":"**","Depth":0}]}}